id,title,description_book,description_source_type,description_source_url
104,To Live,"Ben shu shi wo guo si da gu dian ming zhu zhi yi, yi jia bao yu, lin dai yu, xue bao chai de ai qing jiu ge wei xian suo, yi jia, shi, wang, xue si da jia zu wei zhong xin, yi qing chao feng jian she hui wei bei jing, xie chu le feng jian da jia zu de xing shuai, tong shi ye zhe she chu wo guo feng jian she hui xing shuai de li shi.",openlibrary,https://openlibrary.org/works/OL11675949W
3636,Early Humans: Discover How the World's First People Lived,"Ben shu shi wo guo si da gu dian ming zhu zhi yi, yi jia bao yu, lin dai yu, xue bao chai de ai qing jiu ge wei xian suo, yi jia, shi, wang, xue si da jia zu wei zhong xin, yi qing chao feng jian she hui wei bei jing, xie chu le feng jian da jia zu de xing shuai, tong shi ye zhe she chu wo guo feng jian she hui xing shuai de li shi.",openlibrary,https://openlibrary.org/works/OL11675949W
6829,Dao gong yuan qu san bu,"Ben shu shi wo guo si da gu dian ming zhu zhi yi, yi jia bao yu, lin dai yu, xue bao chai de ai qing jiu ge wei xian suo, yi jia, shi, wang, xue si da jia zu wei zhong xin, yi qing chao feng jian she hui wei bei jing, xie chu le feng jian da jia zu de xing shuai, tong shi ye zhe she chu wo guo feng jian she hui xing shuai de li shi.",openlibrary,https://openlibrary.org/works/OL11675949W
4273,Medicine: A Graphic History,"A story of a Jewish survivor of Hitler's Europe and his son, a cartoonist who tries to come to terms with his father's story and history itself.",openlibrary,https://openlibrary.org/works/OL2056818W
350,Unravel Me,"""Juliette has escaped to Omega Point, the headquarters of the rebel resistance and a safe haven for people with abilities like hers. She is finally free from The Reestablishment and their plans to use her as a weapon, but Warner, her former captor, won't let her go without a fight.""--

Juliette escapes to a safe haven, where she is free from The Reestablishment and their plans to use her as a weapon, but Warner, her former captor, won't let go without a fight. The plot contains profanity and sexual violence. Book #2",openlibrary,https://openlibrary.org/works/OL19963111W
4181,Find Me,"""Juliette has escaped to Omega Point, the headquarters of the rebel resistance and a safe haven for people with abilities like hers. She is finally free from The Reestablishment and their plans to use her as a weapon, but Warner, her former captor, won't let her go without a fight.""--

Juliette escapes to a safe haven, where she is free from The Reestablishment and their plans to use her as a weapon, but Warner, her former captor, won't let go without a fight. The plot contains profanity and sexual violence. Book #2",openlibrary,https://openlibrary.org/works/OL19963111W
520,Perfect,"Everyone has something to hide—especially high school juniors Spencer, Aria, Emily, and Hanna. Spencer covets her sister's boyfriend. Aria's fantasizing about her English teacher. Emily's crushing on the new girl at school. Hanna uses some ugly tricks to stay beautiful. But they've all kept an even bigger secret since their friend Alison vanished. How do I know? Because I know everything about the bad girls they were, the naughty girls they are, and all the dirty secrets they've kept. And guess what? I'm telling.",openlibrary,https://openlibrary.org/works/OL276728W
5575,Flawless,"Everyone has something to hide—especially high school juniors Spencer, Aria, Emily, and Hanna. Spencer covets her sister's boyfriend. Aria's fantasizing about her English teacher. Emily's crushing on the new girl at school. Hanna uses some ugly tricks to stay beautiful. But they've all kept an even bigger secret since their friend Alison vanished. How do I know? Because I know everything about the bad girls they were, the naughty girls they are, and all the dirty secrets they've kept. And guess what? I'm telling.",openlibrary,https://openlibrary.org/works/OL276728W
7730,Unbelievable,"Everyone has something to hide—especially high school juniors Spencer, Aria, Emily, and Hanna. Spencer covets her sister's boyfriend. Aria's fantasizing about her English teacher. Emily's crushing on the new girl at school. Hanna uses some ugly tricks to stay beautiful. But they've all kept an even bigger secret since their friend Alison vanished. How do I know? Because I know everything about the bad girls they were, the naughty girls they are, and all the dirty secrets they've kept. And guess what? I'm telling.",openlibrary,https://openlibrary.org/works/OL276728W
631,The Bible,"A Christian Bible is a set of books divided into the Old and New Testament that a Christian denomination has, at some point in their past or present, regarded as divinely inspired scripture.",openlibrary,https://openlibrary.org/works/OL17732W
8452,The American Heritage Children's Dictionary,"A Christian Bible is a set of books divided into the Old and New Testament that a Christian denomination has, at some point in their past or present, regarded as divinely inspired scripture.",openlibrary,https://openlibrary.org/works/OL17732W
9681,Having Young,"A Christian Bible is a set of books divided into the Old and New Testament that a Christian denomination has, at some point in their past or present, regarded as divinely inspired scripture.",openlibrary,https://openlibrary.org/works/OL17732W
978,People's Republic of Amnesia,"""Despite its emergence from backward isolation into a dynamic world economic power, a quarter-century after the People's Army crushed unarmed protestors--labeled anti-revolutionaries--in Tiananmen Square on June 4, 1989, the defining event of China's modern history remains buried. Memory is dangerous in a country built to function on national amnesia. A single act of public remembrance might expose the frailty of the state's carefully constructed edifice of accepted history, one kept aloft by strict censorship, blatant falsehood, and willful forgetting. Though the consequences of Tiananmen Square are visible everywhere throughout China, what happened there has been consigned to silence. In The People's Republic of Amnesia, NPR's China correspondent Louisa Lim offers an insider's account of this seminal tragedy, revealing the enormous impact it had on China and the reverberations still felt today. Official hypocrisy and the government's obsession with maintaining stability and silence have deepened June 4th's impact on the nation's psyche. Lim interweaves portraits of eight individuals whose lives have been shaped by June 4--including the two women who started Tiananmen Mothers, one of the first and most prominent grassroots organizations outside the Chinese government's control; a student survivor involved in the protests; a soldier who took part in the suppression; and a high-ranking government administrator who played a role in ordering the tanks into the square. In the process she offers a textured, intimate, and haunting look at the national tragedy and an unhealed wound""--",openlibrary,https://openlibrary.org/works/OL17574233W
6895,Tian'anmen de fan si,"""Despite its emergence from backward isolation into a dynamic world economic power, a quarter-century after the People's Army crushed unarmed protestors--labeled anti-revolutionaries--in Tiananmen Square on June 4, 1989, the defining event of China's modern history remains buried. Memory is dangerous in a country built to function on national amnesia. A single act of public remembrance might expose the frailty of the state's carefully constructed edifice of accepted history, one kept aloft by strict censorship, blatant falsehood, and willful forgetting. Though the consequences of Tiananmen Square are visible everywhere throughout China, what happened there has been consigned to silence. In The People's Republic of Amnesia, NPR's China correspondent Louisa Lim offers an insider's account of this seminal tragedy, revealing the enormous impact it had on China and the reverberations still felt today. Official hypocrisy and the government's obsession with maintaining stability and silence have deepened June 4th's impact on the nation's psyche. Lim interweaves portraits of eight individuals whose lives have been shaped by June 4--including the two women who started Tiananmen Mothers, one of the first and most prominent grassroots organizations outside the Chinese government's control; a student survivor involved in the protests; a soldier who took part in the suppression; and a high-ranking government administrator who played a role in ordering the tanks into the square. In the process she offers a textured, intimate, and haunting look at the national tragedy and an unhealed wound""--",openlibrary,https://openlibrary.org/works/OL17574233W
1021,The Hindu Art of Love,"A work of philosophy, psychology, sociology, Hindu dogma, scientific inquiry, and sexology, the ""Kama Sutra"" has been a classic of world literature for more than 1700 years.",openlibrary,https://openlibrary.org/works/OL239940W
1030,Intimate Embrace,"A work of philosophy, psychology, sociology, Hindu dogma, scientific inquiry, and sexology, the ""Kama Sutra"" has been a classic of world literature for more than 1700 years.",openlibrary,https://openlibrary.org/works/OL239940W
1066,The Tale of Steven,"**The Secret Agent: A Simple Tale** is a novel by Joseph Conrad, first published in 1907. The story is set in London in 1886 and deals with Mr. Adolf Verloc and his work as a spy for an unnamed country (presumably Russia). The Secret Agent is one of Conrad's later political novels in which he moved away from his former tales of seafaring. The novel is dedicated to H. G. Wells and deals broadly with anarchism, espionage, and terrorism. It also deals with exploitation of the vulnerable in Verloc's relationship with his brother-in-law Stevie, who has an intellectual disability. Conrad’s gloomy portrait of London depicted in the novel was influenced by Charles Dickens’ *Bleak House*.

(Source: [Wikipedia](https://en.wikipedia.org/wiki/The_Secret_Agent))",openlibrary,https://openlibrary.org/works/OL39108W
4741,The Degenerates,"**The Secret Agent: A Simple Tale** is a novel by Joseph Conrad, first published in 1907. The story is set in London in 1886 and deals with Mr. Adolf Verloc and his work as a spy for an unnamed country (presumably Russia). The Secret Agent is one of Conrad's later political novels in which he moved away from his former tales of seafaring. The novel is dedicated to H. G. Wells and deals broadly with anarchism, espionage, and terrorism. It also deals with exploitation of the vulnerable in Verloc's relationship with his brother-in-law Stevie, who has an intellectual disability. Conrad’s gloomy portrait of London depicted in the novel was influenced by Charles Dickens’ *Bleak House*.

(Source: [Wikipedia](https://en.wikipedia.org/wiki/The_Secret_Agent))",openlibrary,https://openlibrary.org/works/OL39108W
1156,"Assassination Classroom, Vol. 4","Assassination Classroom (Japanese: 暗殺教室, Hepburn: Ansatsu Kyōshitsu) is a Japanese manga series written and illustrated by Yusei Matsui. The series follows the daily life of an extremely powerful octopus-like being working as a junior high homeroom teacher, and his students dedicated to the task of assassinating him to prevent Earth from being destroyed. The students are considered ""misfits"" in their school and are taught in a separate building; the class he teaches is called 3-E. It was serialized in Shueisha's shōnen manga magazine Weekly Shōnen Jump  from July 2012 to March 2016, with its chapters collected in twenty-one tankōbon volumes.
In North America, the manga has been licensed for English language release by Viz Media. The anime series has been licensed by Crunchyroll, formerly known as Funimation. The series was obtained by Madman Entertainment for digital distribution in Australia and New Zealand. An original video animation (OVA) adaptation produced by Brain's Base was screened at the Jump Super Anime Tour from October to November 2013. This was followed by an anime television adaptation by Lerche, which aired on Fuji Television, BS Fuji and other stations from January...",wikipedia,https://en.wikipedia.org/wiki/Assassination_Classroom
1157,"Assassination Classroom, Vol. 5","Assassination Classroom (Japanese: 暗殺教室, Hepburn: Ansatsu Kyōshitsu) is a Japanese manga series written and illustrated by Yusei Matsui. The series follows the daily life of an extremely powerful octopus-like being working as a junior high homeroom teacher, and his students dedicated to the task of assassinating him to prevent Earth from being destroyed. The students are considered ""misfits"" in their school and are taught in a separate building; the class he teaches is called 3-E. It was serialized in Shueisha's shōnen manga magazine Weekly Shōnen Jump  from July 2012 to March 2016, with its chapters collected in twenty-one tankōbon volumes.
In North America, the manga has been licensed for English language release by Viz Media. The anime series has been licensed by Crunchyroll, formerly known as Funimation. The series was obtained by Madman Entertainment for digital distribution in Australia and New Zealand. An original video animation (OVA) adaptation produced by Brain's Base was screened at the Jump Super Anime Tour from October to November 2013. This was followed by an anime television adaptation by Lerche, which aired on Fuji Television, BS Fuji and other stations from January...",wikipedia,https://en.wikipedia.org/wiki/Assassination_Classroom
1158,"Assassination Classroom, Vol. 6","Assassination Classroom (Japanese: 暗殺教室, Hepburn: Ansatsu Kyōshitsu) is a Japanese manga series written and illustrated by Yusei Matsui. The series follows the daily life of an extremely powerful octopus-like being working as a junior high homeroom teacher, and his students dedicated to the task of assassinating him to prevent Earth from being destroyed. The students are considered ""misfits"" in their school and are taught in a separate building; the class he teaches is called 3-E. It was serialized in Shueisha's shōnen manga magazine Weekly Shōnen Jump  from July 2012 to March 2016, with its chapters collected in twenty-one tankōbon volumes.
In North America, the manga has been licensed for English language release by Viz Media. The anime series has been licensed by Crunchyroll, formerly known as Funimation. The series was obtained by Madman Entertainment for digital distribution in Australia and New Zealand. An original video animation (OVA) adaptation produced by Brain's Base was screened at the Jump Super Anime Tour from October to November 2013. This was followed by an anime television adaptation by Lerche, which aired on Fuji Television, BS Fuji and other stations from January...",wikipedia,https://en.wikipedia.org/wiki/Assassination_Classroom
2653,"Assassination Classroom, Vol. 15","Assassination Classroom (Japanese: 暗殺教室, Hepburn: Ansatsu Kyōshitsu) is a Japanese manga series written and illustrated by Yusei Matsui. The series follows the daily life of an extremely powerful octopus-like being working as a junior high homeroom teacher, and his students dedicated to the task of assassinating him to prevent Earth from being destroyed. The students are considered ""misfits"" in their school and are taught in a separate building; the class he teaches is called 3-E. It was serialized in Shueisha's shōnen manga magazine Weekly Shōnen Jump  from July 2012 to March 2016, with its chapters collected in twenty-one tankōbon volumes.
In North America, the manga has been licensed for English language release by Viz Media. The anime series has been licensed by Crunchyroll, formerly known as Funimation. The series was obtained by Madman Entertainment for digital distribution in Australia and New Zealand. An original video animation (OVA) adaptation produced by Brain's Base was screened at the Jump Super Anime Tour from October to November 2013. This was followed by an anime television adaptation by Lerche, which aired on Fuji Television, BS Fuji and other stations from January...",wikipedia,https://en.wikipedia.org/wiki/Assassination_Classroom
2658,"Assassination Classroom, Vol. 20","Assassination Classroom (Japanese: 暗殺教室, Hepburn: Ansatsu Kyōshitsu) is a Japanese manga series written and illustrated by Yusei Matsui. The series follows the daily life of an extremely powerful octopus-like being working as a junior high homeroom teacher, and his students dedicated to the task of assassinating him to prevent Earth from being destroyed. The students are considered ""misfits"" in their school and are taught in a separate building; the class he teaches is called 3-E. It was serialized in Shueisha's shōnen manga magazine Weekly Shōnen Jump  from July 2012 to March 2016, with its chapters collected in twenty-one tankōbon volumes.
In North America, the manga has been licensed for English language release by Viz Media. The anime series has been licensed by Crunchyroll, formerly known as Funimation. The series was obtained by Madman Entertainment for digital distribution in Australia and New Zealand. An original video animation (OVA) adaptation produced by Brain's Base was screened at the Jump Super Anime Tour from October to November 2013. This was followed by an anime television adaptation by Lerche, which aired on Fuji Television, BS Fuji and other stations from January...",wikipedia,https://en.wikipedia.org/wiki/Assassination_Classroom
1784,Critical Perspectives on Gender Identity,"What is gender? Is gender changeable? Does gender always match up with one's sexuality or outward appearance? These are questions at the forefront of contemporary debates for increased rights for trans men, trans women, and others who do not conform to our society's gender norms. Students will read the experiences of gender non-conforming individuals, as well as court decisions related to recent legal cases and media coverage, in order to better understand the challenges they face today.",google_books,http://books.google.nl/books?id=HARiDwAAQBAJ&dq=intitle:Critical+Perspectives+on+Gender+Identity+inauthor:Nicki+Peter+Petrikowski&hl=&source=gbs_api
1802,Gender Identity (Teen Mental Health),"What is gender? Is gender changeable? Does gender always match up with one's sexuality or outward appearance? These are questions at the forefront of contemporary debates for increased rights for trans men, trans women, and others who do not conform to our society's gender norms. Students will read the experiences of gender non-conforming individuals, as well as court decisions related to recent legal cases and media coverage, in order to better understand the challenges they face today.",google_books,http://books.google.nl/books?id=TgliDwAAQBAJ&dq=intitle:Gender+Identity+inauthor:Nicki+Peter+Petrikowski&hl=&source=gbs_api
1868,"Magical Boy, Vol 1","Though she is from a family of clairvoyants, Blue Sargent's only gift seems to be that she makes other people's talents stronger. When she meets Gansey, one of the boys from the expensive Aglionby Academy, she discovers that he has talents of his own--and that together their talents are a dangerous mix. Blue has a policy of staying away from Aglionby boys. Known as ""raven boys"", they can only mean trouble. For as long as she can remember, Blue has been warned that she will cause her true love to die. She never thought this would be a problem. But now, as her life becomes caught up in the strange and sinister world of the raven boys, she's not so sure anymore.",openlibrary,https://openlibrary.org/works/OL17557879W
10249,Raven Boys,"Though she is from a family of clairvoyants, Blue Sargent's only gift seems to be that she makes other people's talents stronger. When she meets Gansey, one of the boys from the expensive Aglionby Academy, she discovers that he has talents of his own--and that together their talents are a dangerous mix. Blue has a policy of staying away from Aglionby boys. Known as ""raven boys"", they can only mean trouble. For as long as she can remember, Blue has been warned that she will cause her true love to die. She never thought this would be a problem. But now, as her life becomes caught up in the strange and sinister world of the raven boys, she's not so sure anymore.",openlibrary,https://openlibrary.org/works/OL17557879W
1976,You're in the Wrong Bathroom!: And 20 Other Myths and Misconceptions About Transgender and Gender-Nonconforming People,"This “insightful and instructive primer” debunks the twenty-one most common myths and misconceptions about transgender issues—“buy this book and share it with [your] whole family” (Bust) From Laverne Cox and Caitlyn Jenner to Thomas Beatie (“the pregnant man”) and transgender youth, coverage of trans lives has been exploding—yet so much misinformation persists. Bringing together the medical, social, psychological, and political aspects of being trans in the United States today, “You’re in the Wrong Bathroom!” unpacks the twenty-one most common myths and misconceptions about transgender and gender-nonconforming people. Authors Laura Erickson-Schroth, MD, a psychiatrist, and Laura A. Jacobs, LCSW-R, a psychotherapist, address a range of fallacies: • Trans People Are “Trapped in the Wrong Body” • You’re Not Really Trans If You Haven’t Had “the Surgery” • Trans People Are a Danger to Others, Especially Children • Trans People Are Mentally Ill and Therapy Can Change Them • Trans People and Feminists Don’t Get Along",google_books,https://play.google.com/store/books/details?id=1IiIDAAAQBAJ&source=gbs_api
10266,"Trans Bodies, Trans Selves: A Resource By and for Transgender Communities","This “insightful and instructive primer” debunks the twenty-one most common myths and misconceptions about transgender issues—“buy this book and share it with [your] whole family” (Bust) From Laverne Cox and Caitlyn Jenner to Thomas Beatie (“the pregnant man”) and transgender youth, coverage of trans lives has been exploding—yet so much misinformation persists. Bringing together the medical, social, psychological, and political aspects of being trans in the United States today, “You’re in the Wrong Bathroom!” unpacks the twenty-one most common myths and misconceptions about transgender and gender-nonconforming people. Authors Laura Erickson-Schroth, MD, a psychiatrist, and Laura A. Jacobs, LCSW-R, a psychotherapist, address a range of fallacies: • Trans People Are “Trapped in the Wrong Body” • You’re Not Really Trans If You Haven’t Had “the Surgery” • Trans People Are a Danger to Others, Especially Children • Trans People Are Mentally Ill and Therapy Can Change Them • Trans People and Feminists Don’t Get Along",google_books,https://play.google.com/store/books/details?id=1IiIDAAAQBAJ&source=gbs_api
1986,"Soul Eater, Vol. 15","Soul Eater (Japanese: ソウルイーター, Hepburn: Sōru Ītā) is a Japanese manga series written and illustrated by Atsushi Ohkubo. Set at the ""Death Weapon Meister Academy"", the series revolves around three teams, each consisting of a weapon meister and at least one human that can transform into a weapon. Trying to make the latter a ""Death Scythe"" and thus fit for use by the academy's headmaster Shinigami, the personification of death, they must collect the souls of 99 evil humans and one witch, in that order; otherwise, they will have to start all over again.
The manga was preceded by three separate one-shots published by Square Enix in 2003; the first two published in two Gangan Powered special editions and the last one in Gangan Wing. Soul Eater was regularly serialized in Square Enix's Monthly Shōnen Gangan magazine from May 2004 to August 2013. Its chapters were collected in 25 tankōbon volumes. A 51-episode anime television series adaptation produced by Bones was broadcast on TV Tokyo from April 2008 to March 2009. The series has also spawned a drama CD, an art book, and three video games. A spin-off manga series, titled Soul Eater Not!, was serialized in Monthly Shōnen Gangan from January...",wikipedia,https://en.wikipedia.org/wiki/Soul_Eater
1987,"Soul Eater, Vol. 16","Soul Eater (Japanese: ソウルイーター, Hepburn: Sōru Ītā) is a Japanese manga series written and illustrated by Atsushi Ohkubo. Set at the ""Death Weapon Meister Academy"", the series revolves around three teams, each consisting of a weapon meister and at least one human that can transform into a weapon. Trying to make the latter a ""Death Scythe"" and thus fit for use by the academy's headmaster Shinigami, the personification of death, they must collect the souls of 99 evil humans and one witch, in that order; otherwise, they will have to start all over again.
The manga was preceded by three separate one-shots published by Square Enix in 2003; the first two published in two Gangan Powered special editions and the last one in Gangan Wing. Soul Eater was regularly serialized in Square Enix's Monthly Shōnen Gangan magazine from May 2004 to August 2013. Its chapters were collected in 25 tankōbon volumes. A 51-episode anime television series adaptation produced by Bones was broadcast on TV Tokyo from April 2008 to March 2009. The series has also spawned a drama CD, an art book, and three video games. A spin-off manga series, titled Soul Eater Not!, was serialized in Monthly Shōnen Gangan from January...",wikipedia,https://en.wikipedia.org/wiki/Soul_Eater
1988,"Soul Eater, Vol. 17","Soul Eater (Japanese: ソウルイーター, Hepburn: Sōru Ītā) is a Japanese manga series written and illustrated by Atsushi Ohkubo. Set at the ""Death Weapon Meister Academy"", the series revolves around three teams, each consisting of a weapon meister and at least one human that can transform into a weapon. Trying to make the latter a ""Death Scythe"" and thus fit for use by the academy's headmaster Shinigami, the personification of death, they must collect the souls of 99 evil humans and one witch, in that order; otherwise, they will have to start all over again.
The manga was preceded by three separate one-shots published by Square Enix in 2003; the first two published in two Gangan Powered special editions and the last one in Gangan Wing. Soul Eater was regularly serialized in Square Enix's Monthly Shōnen Gangan magazine from May 2004 to August 2013. Its chapters were collected in 25 tankōbon volumes. A 51-episode anime television series adaptation produced by Bones was broadcast on TV Tokyo from April 2008 to March 2009. The series has also spawned a drama CD, an art book, and three video games. A spin-off manga series, titled Soul Eater Not!, was serialized in Monthly Shōnen Gangan from January...",wikipedia,https://en.wikipedia.org/wiki/Soul_Eater
1990,"Soul Eater, Vol. 3","Soul Eater (Japanese: ソウルイーター, Hepburn: Sōru Ītā) is a Japanese manga series written and illustrated by Atsushi Ohkubo. Set at the ""Death Weapon Meister Academy"", the series revolves around three teams, each consisting of a weapon meister and at least one human that can transform into a weapon. Trying to make the latter a ""Death Scythe"" and thus fit for use by the academy's headmaster Shinigami, the personification of death, they must collect the souls of 99 evil humans and one witch, in that order; otherwise, they will have to start all over again.
The manga was preceded by three separate one-shots published by Square Enix in 2003; the first two published in two Gangan Powered special editions and the last one in Gangan Wing. Soul Eater was regularly serialized in Square Enix's Monthly Shōnen Gangan magazine from May 2004 to August 2013. Its chapters were collected in 25 tankōbon volumes. A 51-episode anime television series adaptation produced by Bones was broadcast on TV Tokyo from April 2008 to March 2009. The series has also spawned a drama CD, an art book, and three video games. A spin-off manga series, titled Soul Eater Not!, was serialized in Monthly Shōnen Gangan from January...",wikipedia,https://en.wikipedia.org/wiki/Soul_Eater
1994,"Soul Eater, Vol. 7","Soul Eater (Japanese: ソウルイーター, Hepburn: Sōru Ītā) is a Japanese manga series written and illustrated by Atsushi Ohkubo. Set at the ""Death Weapon Meister Academy"", the series revolves around three teams, each consisting of a weapon meister and at least one human that can transform into a weapon. Trying to make the latter a ""Death Scythe"" and thus fit for use by the academy's headmaster Shinigami, the personification of death, they must collect the souls of 99 evil humans and one witch, in that order; otherwise, they will have to start all over again.
The manga was preceded by three separate one-shots published by Square Enix in 2003; the first two published in two Gangan Powered special editions and the last one in Gangan Wing. Soul Eater was regularly serialized in Square Enix's Monthly Shōnen Gangan magazine from May 2004 to August 2013. Its chapters were collected in 25 tankōbon volumes. A 51-episode anime television series adaptation produced by Bones was broadcast on TV Tokyo from April 2008 to March 2009. The series has also spawned a drama CD, an art book, and three video games. A spin-off manga series, titled Soul Eater Not!, was serialized in Monthly Shōnen Gangan from January...",wikipedia,https://en.wikipedia.org/wiki/Soul_Eater
2359,Kin,"*Don Quijote de la Mancha* es una novela escrita por el español Miguel de Cervantes Saavedra. Publicada su primera parte con el título de *El ingenioso hidalgo don Quijote de la Mancha* a comienzos de 1605, es la obra más destacada de la literatura española y una de las principales de la literatura universal. En 1615 apareció su continuación con el título de *Segunda parte del ingenioso caballero don Quijote de la Mancha.* Es la primera obra genuinamente desmitificadora de la tradición caballeresca y cortés por su tratamiento burlesco. Representa la primera novela moderna y la primera novela polifónica; como tal, ejerció un enorme influjo en toda la narrativa europea. La novela ha sido calificada por numerosos autores de renombre como la «mejor novela de todos los tiempos» y la «obra más importante y fundamental de la literatura universal». Don Quijote es también uno de los libros más traducidos del mundo y una de las novelas más vendidas de todos los tiempos.


----------


*The Ingenious Gentleman Don Quixote of La Mancha* known simply as *Don Quixote* is a Spanish novel by Miguel de Cervantes, originally published in two parts, in 1605 and 1615 and considered a founding work of Western literature. It's often said to be the first modern novel. The novel has been labelled by many well-known authors as the ""best novel of all time"" and the ""best and most central work in world literature"". Don Quixote is also one of the most-translated books in the world and one of the best-selling novels of all time.",openlibrary,https://openlibrary.org/works/OL503666W
6693,De la France,"*Don Quijote de la Mancha* es una novela escrita por el español Miguel de Cervantes Saavedra. Publicada su primera parte con el título de *El ingenioso hidalgo don Quijote de la Mancha* a comienzos de 1605, es la obra más destacada de la literatura española y una de las principales de la literatura universal. En 1615 apareció su continuación con el título de *Segunda parte del ingenioso caballero don Quijote de la Mancha.* Es la primera obra genuinamente desmitificadora de la tradición caballeresca y cortés por su tratamiento burlesco. Representa la primera novela moderna y la primera novela polifónica; como tal, ejerció un enorme influjo en toda la narrativa europea. La novela ha sido calificada por numerosos autores de renombre como la «mejor novela de todos los tiempos» y la «obra más importante y fundamental de la literatura universal». Don Quijote es también uno de los libros más traducidos del mundo y una de las novelas más vendidas de todos los tiempos.


----------


*The Ingenious Gentleman Don Quixote of La Mancha* known simply as *Don Quixote* is a Spanish novel by Miguel de Cervantes, originally published in two parts, in 1605 and 1615 and considered a founding work of Western literature. It's often said to be the first modern novel. The novel has been labelled by many well-known authors as the ""best novel of all time"" and the ""best and most central work in world literature"". Don Quixote is also one of the most-translated books in the world and one of the best-selling novels of all time.",openlibrary,https://openlibrary.org/works/OL503666W
2789,"A Game of Thrones: The Graphic Novel, Vol. 2","A Game of Thrones is an epic fantasy novel by American author George R. R. Martin. It was published in August 1996 as the first entry in his series A Song of Ice and Fire. It was Martin's fourth novel and his return to writing prose fiction after a long period working in television. He had the initial idea in 1991 while writing science fiction; he wrote a hundred pages and submitted them to his agent, originally planning the novel as a trilogy.  
A Game of Thrones is narrated in third person, with each chapter alternating between eight narrators who sometimes provide unreliable accounts. In the Seven Kingdoms of Westeros, House Stark and House Lannister influence the political fate of the continent. In Westeros' far north, an illegitimate son of House Stark joins a group maintaining a giant wall of ice to protect Westeros from raiders and a group of mythical enemies. Across the sea in Essos, the last surviving members of Westeros' deposed royal house, House Targaryen, live in exile.
Following the novel's publication, several reviewers commended the novel's focus on political intrigue and historical influences. It won the 1997 Locus Award for Best Fantasy Novel and was nominated for...",wikipedia,https://en.wikipedia.org/wiki/A_Game_of_Thrones
2790,"A Game of Thrones: The Graphic Novel, Vol. 3","A Game of Thrones is an epic fantasy novel by American author George R. R. Martin. It was published in August 1996 as the first entry in his series A Song of Ice and Fire. It was Martin's fourth novel and his return to writing prose fiction after a long period working in television. He had the initial idea in 1991 while writing science fiction; he wrote a hundred pages and submitted them to his agent, originally planning the novel as a trilogy.  
A Game of Thrones is narrated in third person, with each chapter alternating between eight narrators who sometimes provide unreliable accounts. In the Seven Kingdoms of Westeros, House Stark and House Lannister influence the political fate of the continent. In Westeros' far north, an illegitimate son of House Stark joins a group maintaining a giant wall of ice to protect Westeros from raiders and a group of mythical enemies. Across the sea in Essos, the last surviving members of Westeros' deposed royal house, House Targaryen, live in exile.
Following the novel's publication, several reviewers commended the novel's focus on political intrigue and historical influences. It won the 1997 Locus Award for Best Fantasy Novel and was nominated for...",wikipedia,https://en.wikipedia.org/wiki/A_Game_of_Thrones
2791,"A Game of Thrones: The Graphic Novel, Vol. 4","A Game of Thrones is an epic fantasy novel by American author George R. R. Martin. It was published in August 1996 as the first entry in his series A Song of Ice and Fire. It was Martin's fourth novel and his return to writing prose fiction after a long period working in television. He had the initial idea in 1991 while writing science fiction; he wrote a hundred pages and submitted them to his agent, originally planning the novel as a trilogy.  
A Game of Thrones is narrated in third person, with each chapter alternating between eight narrators who sometimes provide unreliable accounts. In the Seven Kingdoms of Westeros, House Stark and House Lannister influence the political fate of the continent. In Westeros' far north, an illegitimate son of House Stark joins a group maintaining a giant wall of ice to protect Westeros from raiders and a group of mythical enemies. Across the sea in Essos, the last surviving members of Westeros' deposed royal house, House Targaryen, live in exile.
Following the novel's publication, several reviewers commended the novel's focus on political intrigue and historical influences. It won the 1997 Locus Award for Best Fantasy Novel and was nominated for...",wikipedia,https://en.wikipedia.org/wiki/A_Game_of_Thrones
2974,"Click, Vol. 1","Elateridae or click beetles (or ""typical click beetles"" to distinguish them from the related families Cerophytidae and Eucnemidae, which are also capable of clicking) are a family of beetles. Other names include elaters, snapping beetles, spring beetles or skipjacks. This family was defined by William Elford Leach (1790–1836) in 1815. They are a cosmopolitan beetle family characterized by the unusual click mechanism they possess. There are a few other families of Elateroidea in which a few members have the same mechanism, but most elaterid subfamilies can click. A spine on the prosternum can be snapped into a corresponding notch on the mesosternum, producing a violent ""click"" that can bounce the beetle into the air. The evolutionary purpose of this click is debated: hypotheses include that the clicking noise deters predators or is used for communication, or that the click may allow the beetle to ""pop"" out of the substrate in which it is pupating. It is unlikely that the click is used for avoiding predators as it does not carry the beetle very far (<50 cm), and in practice click beetles usually play dead or flee normally. There are about 9300 known species worldwide, and 965 valid species...",wikipedia,https://en.wikipedia.org/wiki/Click_beetle
2978,"Click, Vol. 3","Elateridae or click beetles (or ""typical click beetles"" to distinguish them from the related families Cerophytidae and Eucnemidae, which are also capable of clicking) are a family of beetles. Other names include elaters, snapping beetles, spring beetles or skipjacks. This family was defined by William Elford Leach (1790–1836) in 1815. They are a cosmopolitan beetle family characterized by the unusual click mechanism they possess. There are a few other families of Elateroidea in which a few members have the same mechanism, but most elaterid subfamilies can click. A spine on the prosternum can be snapped into a corresponding notch on the mesosternum, producing a violent ""click"" that can bounce the beetle into the air. The evolutionary purpose of this click is debated: hypotheses include that the clicking noise deters predators or is used for communication, or that the click may allow the beetle to ""pop"" out of the substrate in which it is pupating. It is unlikely that the click is used for avoiding predators as it does not carry the beetle very far (<50 cm), and in practice click beetles usually play dead or flee normally. There are about 9300 known species worldwide, and 965 valid species...",wikipedia,https://en.wikipedia.org/wiki/Click_beetle
3331,What's diversity?,"*Through the Looking-Glass, and What Alice Found There* (1871) is a work of children's literature by Lewis Carroll (Charles Lutwidge Dodgson), generally categorized in the fairy tale genre. It is the sequel to *Alice's Adventures in Wonderland* (1865). Although it makes no reference to the events in the earlier book, the themes and settings of *Through the Looking-Glass* make it a kind of mirror image of Wonderland: the first book begins outdoors, in the warm month of May, uses frequent changes in size as a plot device, and draws on the imagery of playing cards; the second opens indoors on a snowy, wintry night exactly six months later, on November 4 (the day before Guy Fawkes Night), uses frequent changes in time and spatial directions as a plot device, and draws on the imagery of chess. In it, there are many mirror themes, including opposites, time running backwards, and so on. ([Wikipedia][1])


  [1]: http://en.wikipedia.org/wiki/Through_the_Looking-Glass",openlibrary,https://openlibrary.org/works/OL151406W
5567,Field Notes on Love,"*Through the Looking-Glass, and What Alice Found There* (1871) is a work of children's literature by Lewis Carroll (Charles Lutwidge Dodgson), generally categorized in the fairy tale genre. It is the sequel to *Alice's Adventures in Wonderland* (1865). Although it makes no reference to the events in the earlier book, the themes and settings of *Through the Looking-Glass* make it a kind of mirror image of Wonderland: the first book begins outdoors, in the warm month of May, uses frequent changes in size as a plot device, and draws on the imagery of playing cards; the second opens indoors on a snowy, wintry night exactly six months later, on November 4 (the day before Guy Fawkes Night), uses frequent changes in time and spatial directions as a plot device, and draws on the imagery of chess. In it, there are many mirror themes, including opposites, time running backwards, and so on. ([Wikipedia][1])


  [1]: http://en.wikipedia.org/wiki/Through_the_Looking-Glass",openlibrary,https://openlibrary.org/works/OL151406W
3378,"Cantarella, Vol. 8","From birth, Cesare Borgia is surrounded by shadows.  Damned by his own father, hated by his closest brother, separated from the sister who loves him, and driven by the demons of Hell itself, his quest for power threatens to set the world of Renaissance Italy ablaze--unless one innocent person can drive away the poisonous shadows ravaging him.",openlibrary,https://openlibrary.org/works/OL8699462W
3379,"Cantarella, Vol. 9","From birth, Cesare Borgia is surrounded by shadows.  Damned by his own father, hated by his closest brother, separated from the sister who loves him, and driven by the demons of Hell itself, his quest for power threatens to set the world of Renaissance Italy ablaze--unless one innocent person can drive away the poisonous shadows ravaging him.",openlibrary,https://openlibrary.org/works/OL8699462W
3589,Hamlet,"In this quintessential Shakespeare tragedy, a young prince's halting pursuit of revenge for the murder of his father unfolds in a series of highly charged confrontations that have held audiences spellbound for nearly four centuries. Those fateful exchanges, and the anguished soliloquies that precede and follow them, probe depths of human feeling rarely sounded in any art. 

The title role of Hamlet, perhaps the most demanding in all of Western drama, has provided generations of leading actors their greatest challenge. Yet all the roles in this towering drama are superbly delineated, and each of the key scenes offers actors a rare opportunity to create theatrical magic.

Hamlet is a unique pleasure to read as well as to see and hear performed.",openlibrary,https://openlibrary.org/works/OL9170454W
3650,European Art to 1850,"In this quintessential Shakespeare tragedy, a young prince's halting pursuit of revenge for the murder of his father unfolds in a series of highly charged confrontations that have held audiences spellbound for nearly four centuries. Those fateful exchanges, and the anguished soliloquies that precede and follow them, probe depths of human feeling rarely sounded in any art. 

The title role of Hamlet, perhaps the most demanding in all of Western drama, has provided generations of leading actors their greatest challenge. Yet all the roles in this towering drama are superbly delineated, and each of the key scenes offers actors a rare opportunity to create theatrical magic.

Hamlet is a unique pleasure to read as well as to see and hear performed.",openlibrary,https://openlibrary.org/works/OL9170454W
4397,The Italian Renaissance,"In this quintessential Shakespeare tragedy, a young prince's halting pursuit of revenge for the murder of his father unfolds in a series of highly charged confrontations that have held audiences spellbound for nearly four centuries. Those fateful exchanges, and the anguished soliloquies that precede and follow them, probe depths of human feeling rarely sounded in any art. 

The title role of Hamlet, perhaps the most demanding in all of Western drama, has provided generations of leading actors their greatest challenge. Yet all the roles in this towering drama are superbly delineated, and each of the key scenes offers actors a rare opportunity to create theatrical magic.

Hamlet is a unique pleasure to read as well as to see and hear performed.",openlibrary,https://openlibrary.org/works/OL9170454W
7215,Mu ji tian an men. Di san juan,"In this quintessential Shakespeare tragedy, a young prince's halting pursuit of revenge for the murder of his father unfolds in a series of highly charged confrontations that have held audiences spellbound for nearly four centuries. Those fateful exchanges, and the anguished soliloquies that precede and follow them, probe depths of human feeling rarely sounded in any art. 

The title role of Hamlet, perhaps the most demanding in all of Western drama, has provided generations of leading actors their greatest challenge. Yet all the roles in this towering drama are superbly delineated, and each of the key scenes offers actors a rare opportunity to create theatrical magic.

Hamlet is a unique pleasure to read as well as to see and hear performed.",openlibrary,https://openlibrary.org/works/OL9170454W
3864,Night Star,"The Immortals is a sequence of novels written by Alyson Noël, focusing on psychics and immortals. The first two books, Evermore and Blue Moon, are New York Times Bestsellers.


== Plot ==
Since a horrible accident claimed the lives of her family, 16-year-old Ever can see auras, hear people’s thoughts, and know a person’s life story by touch. Going out of her way to shield herself from human contact to suppress her abilities has branded her as a freak at her new high school—but everything changes when she meets Damen Auguste. 
Damen is gorgeous, exotic and wealthy, cute and he holds many secrets.  Ever does not know who he really is—or what he is. Damen is equal parts light and dark, and he belongs to an enchanted new world where no one ever dies.


== Books in the series ==
Evermore (February 3, 2009)
Blue Moon (July 7, 2009)
Shadowland (November 17, 2009)
Dark flame (June 22, 2010)
Night Star (November 16, 2010)
Everlasting (June 7, 2011)
Alyson Noel also wrote a spin-off series called the Riley Bloom Series, featuring Ever's sister, Riley.
On March 28, 2011, author Alyson Noel announced that the rights to all 10 books in both The Immortals and Riley Bloom Series have been optioned by...",wikipedia,https://en.wikipedia.org/wiki/The_Immortals_(No%C3%ABl_series)
3902,Shadowland,"The Immortals is a sequence of novels written by Alyson Noël, focusing on psychics and immortals. The first two books, Evermore and Blue Moon, are New York Times Bestsellers.


== Plot ==
Since a horrible accident claimed the lives of her family, 16-year-old Ever can see auras, hear people’s thoughts, and know a person’s life story by touch. Going out of her way to shield herself from human contact to suppress her abilities has branded her as a freak at her new high school—but everything changes when she meets Damen Auguste. 
Damen is gorgeous, exotic and wealthy, cute and he holds many secrets.  Ever does not know who he really is—or what he is. Damen is equal parts light and dark, and he belongs to an enchanted new world where no one ever dies.


== Books in the series ==
Evermore (February 3, 2009)
Blue Moon (July 7, 2009)
Shadowland (November 17, 2009)
Dark flame (June 22, 2010)
Night Star (November 16, 2010)
Everlasting (June 7, 2011)
Alyson Noel also wrote a spin-off series called the Riley Bloom Series, featuring Ever's sister, Riley.
On March 28, 2011, author Alyson Noel announced that the rights to all 10 books in both The Immortals and Riley Bloom Series have been optioned by...",wikipedia,https://en.wikipedia.org/wiki/The_Immortals_(No%C3%ABl_series)
3995,The Roman News,"During one of his several adventurous voyages in the 1600's, an Englishman becomes the sole survivor of a shipwreck and lives for nearly thirty years on a deserted island.",openlibrary,https://openlibrary.org/works/OL45089W
4369,The Body Book for Boys,"During one of his several adventurous voyages in the 1600's, an Englishman becomes the sole survivor of a shipwreck and lives for nearly thirty years on a deserted island.",openlibrary,https://openlibrary.org/works/OL45089W
6754,Tian an men xue an jing wei,"During one of his several adventurous voyages in the 1600's, an Englishman becomes the sole survivor of a shipwreck and lives for nearly thirty years on a deserted island.",openlibrary,https://openlibrary.org/works/OL45089W
7205,Tian'an men guang chang qing chang ji shi,"During one of his several adventurous voyages in the 1600's, an Englishman becomes the sole survivor of a shipwreck and lives for nearly thirty years on a deserted island.",openlibrary,https://openlibrary.org/works/OL45089W
4000,The short novels of John Steinbeck,"Steinbeck’s classic novel of the Great Depression is as vivid now as ever. The story focuses on a family of Oklahoma sharecroppers, farmers who work another man’s land for a share of the crops. Driven from their home by drought and poverty they take to the road in a battered old truck and make their way to California to look for work. When they arrive they find hundreds of others like them being forced to work for breadline wages. they begin working as fruit pickers, strike-breakers replacing the people who have been trying to establish a union but their consciences force them to leave.",openlibrary,https://openlibrary.org/works/OL23205W
5974,The Great American Dust Bowl: A Graphic Novel,"Steinbeck’s classic novel of the Great Depression is as vivid now as ever. The story focuses on a family of Oklahoma sharecroppers, farmers who work another man’s land for a share of the crops. Driven from their home by drought and poverty they take to the road in a battered old truck and make their way to California to look for work. When they arrive they find hundreds of others like them being forced to work for breadline wages. they begin working as fruit pickers, strike-breakers replacing the people who have been trying to establish a union but their consciences force them to leave.",openlibrary,https://openlibrary.org/works/OL23205W
4239,"Kill Shakespeare, Vol. 2","The Tempest is a play by William Shakespeare, believed to have been written in 1610–11, and thought by many critics to be the last play that Shakespeare wrote alone. It is set on a remote island, where Prospero, the rightful Duke of Milan, plots to restore his daughter Miranda to her rightful place using illusion and skilful manipulation. He conjures up a storm, the eponymous tempest, to lure his usurping brother Antonio and the complicit King Alonso of Naples to the island. There, his machinations bring about the revelation of Antonio's lowly nature, the redemption of the King, and the marriage of Miranda to Alonso's son, Ferdinand.",openlibrary,https://openlibrary.org/works/OL362699W
4799,The Stand-In,"The Tempest is a play by William Shakespeare, believed to have been written in 1610–11, and thought by many critics to be the last play that Shakespeare wrote alone. It is set on a remote island, where Prospero, the rightful Duke of Milan, plots to restore his daughter Miranda to her rightful place using illusion and skilful manipulation. He conjures up a storm, the eponymous tempest, to lure his usurping brother Antonio and the complicit King Alonso of Naples to the island. There, his machinations bring about the revelation of Antonio's lowly nature, the redemption of the King, and the marriage of Miranda to Alonso's son, Ferdinand.",openlibrary,https://openlibrary.org/works/OL362699W
4241,"Kill Shakespeare, Vol. 3 - The Tide of Blood","Kill Shakespeare is a twelve-issue comic book limited series released by IDW Publishing. It was produced by Anthony Del Col and Conor McCreery, who also served as co-writers, with Andy Belanger as artist, Ian Herring as colourist, and Kagan McLeod as cover artist. The first issue was published on April 14, 2010.
A second series, the five-issue The Tide of Blood, was released in 2013. A third series, The Mask of Night, was released in 2015. The latest series, Past is Prologue: Juliet, which serves as a prequel to the main series, was released in October 2017.


== Publication history ==
The idea first came to Del Col and McCreery in 2005; however due to other commitments, the project was put on hiatus. The creators considered several mediums for Kill Shakespeare, including video game or movie, but ultimately decided on a comic. In 2009, the pair attended the New York Comic-Con and sparked interest in publishing companies, from whom they eventually chose IDW.
Kill Shakespeare #1 was released on April 14, 2010, and began the series' first story arc. The first story arc ran for a total of 12 issues, and concluded on August 24, 2011.
On November 9, 2010 IDW released a collected edition of...",wikipedia,https://en.wikipedia.org/wiki/Kill_Shakespeare
4243,"Kill Shakespeare, Vol. 4 - The Mask of Night","Kill Shakespeare is a twelve-issue comic book limited series released by IDW Publishing. It was produced by Anthony Del Col and Conor McCreery, who also served as co-writers, with Andy Belanger as artist, Ian Herring as colourist, and Kagan McLeod as cover artist. The first issue was published on April 14, 2010.
A second series, the five-issue The Tide of Blood, was released in 2013. A third series, The Mask of Night, was released in 2015. The latest series, Past is Prologue: Juliet, which serves as a prequel to the main series, was released in October 2017.


== Publication history ==
The idea first came to Del Col and McCreery in 2005; however due to other commitments, the project was put on hiatus. The creators considered several mediums for Kill Shakespeare, including video game or movie, but ultimately decided on a comic. In 2009, the pair attended the New York Comic-Con and sparked interest in publishing companies, from whom they eventually chose IDW.
Kill Shakespeare #1 was released on April 14, 2010, and began the series' first story arc. The first story arc ran for a total of 12 issues, and concluded on August 24, 2011.
On November 9, 2010 IDW released a collected edition of...",wikipedia,https://en.wikipedia.org/wiki/Kill_Shakespeare
4407,The Mythology Book,"Alice's Adventures in Wonderland (commonly Alice in Wonderland) is an 1865 English children's novel by Lewis Carroll. A young girl named Alice falls through a rabbit hole into a fantasy world of anthropomorphic creatures. It is seen as an example of the literary nonsense genre.

One of the best-known works of Victorian literature, its narrative, structure, characters and imagery have had huge influence on popular culture and literature, especially in the fantasy genre.",openlibrary,https://openlibrary.org/works/OL138052W
6999,Bao xiao jiao shi. 11,"Alice's Adventures in Wonderland (commonly Alice in Wonderland) is an 1865 English children's novel by Lewis Carroll. A young girl named Alice falls through a rabbit hole into a fantasy world of anthropomorphic creatures. It is seen as an example of the literary nonsense genre.

One of the best-known works of Victorian literature, its narrative, structure, characters and imagery have had huge influence on popular culture and literature, especially in the fantasy genre.",openlibrary,https://openlibrary.org/works/OL138052W
7147,Liu si wei yuan yong mei wan : liu si shi er nian te kan,"Alice's Adventures in Wonderland (commonly Alice in Wonderland) is an 1865 English children's novel by Lewis Carroll. A young girl named Alice falls through a rabbit hole into a fantasy world of anthropomorphic creatures. It is seen as an example of the literary nonsense genre.

One of the best-known works of Victorian literature, its narrative, structure, characters and imagery have had huge influence on popular culture and literature, especially in the fantasy genre.",openlibrary,https://openlibrary.org/works/OL138052W
4429,Titian: Sacred and Profane Love,"The Art Mysteries series examines several highly regarded masterpieces in an attempt to unravel the mysteries that surround them. Edited by Marco Carminati and Stefano Zuffi, they present an up-to-date and spectacular reading of famous paintings, investi",google_books,http://books.google.nl/books?id=pwFkLwEACAAJ&dq=intitle:Titian:+Sacred+and+Profane+Love+inauthor:Stefano+Zuffi&hl=&source=gbs_api
17636,Bosch: The Garden of Earthly Delights,"The Art Mysteries series examines several highly regarded masterpieces in an attempt to unravel the mysteries that surround them. Edited by Marco Carminati and Stefano Zuffi, they present an up-to-date and spectacular reading of famous paintings, investi",google_books,http://books.google.nl/books?id=T0h4tgAACAAJ&dq=intitle:Bosch:+The+Garden+of+Earthly+Delights+inauthor:Stefano+Zuffi&hl=&source=gbs_api
4489,Beginnings - Battle of Jericho Hill,"Enter once more the world of Roland Deschain—and the world of the Dark Tower...now presented in a stunning graphic novel form that will unlock the doorways to terrifying secrets and bold storytelling as part of the dark fantasy masterwork and magnum opus from #1 New York Times bestselling author Stephen King. “The man in black fled across the desert, and the gunslinger followed.” With these unforgettable words, millions of readers were introduced to Stephen King’s iconic character Roland Deschain of Gilead. Roland is the last of his kind, a “gunslinger” charged with protecting whatever goodness and light remains in his world—a world that “moved on,” as they say. In this desolate reality—a dangerous land filled with ancient technology and deadly magic, and yet one that mirrors our own in frightening ways—Roland is on a spellbinding and soul-shattering quest to locate and somehow save the mystical nexus of all worlds, all universes: the Dark Tower. Now, in the graphic novel series Stephen King’s The Dark Tower: Beginnings, originally published by Marvel Comics in single-issue form and creatively overseen by Stephen King himself, the full story of Roland's troubled past and coming-of-age is revealed. Sumptuously drawn by Jae Lee and Richard Isanove, plotted by longtime Stephen King expert Robin Furth, and scripted by New York Times bestselling author Peter David, Beginnings is an extraordinary and terrifying journey into Roland’s origins—ultimately serving as the perfect introduction for new readers to Stephen King’s modern literary classic The Dark Tower, while giving longtime fans thrilling adventures merely hinted at in his blockbuster novels. This boxed set includes the complete graphic novel series BEGINNINGS: THE GUNSLINGER BORN * THE LONG ROAD HOME * TREACHERY * THE FALL OF GILEAD * THE BATTLE OF JERICHO HILL",google_books,http://books.google.nl/books?id=J2iVuAEACAAJ&dq=intitle:Beginnings+-+Battle+of+Jericho+Hill+inauthor:Robin+Furth&hl=&source=gbs_api
4491,Beginnings - The Gunslinger Born,"Enter once more the world of Roland Deschain—and the world of the Dark Tower...now presented in a stunning graphic novel form that will unlock the doorways to terrifying secrets and bold storytelling as part of the dark fantasy masterwork and magnum opus from #1 New York Times bestselling author Stephen King. “The man in black fled across the desert, and the gunslinger followed.” With these unforgettable words, millions of readers were introduced to Stephen King’s iconic character Roland Deschain of Gilead. Roland is the last of his kind, a “gunslinger” charged with protecting whatever goodness and light remains in his world—a world that “moved on,” as they say. In this desolate reality—a dangerous land filled with ancient technology and deadly magic, and yet one that mirrors our own in frightening ways—Roland is on a spellbinding and soul-shattering quest to locate and somehow save the mystical nexus of all worlds, all universes: the Dark Tower. Now, in the graphic novel series Stephen King’s The Dark Tower: Beginnings, originally published by Marvel Comics in single-issue form and creatively overseen by Stephen King himself, the full story of Roland's troubled past and coming-of-age is revealed. Sumptuously drawn by Jae Lee and Richard Isanove, plotted by longtime Stephen King expert Robin Furth, and scripted by New York Times bestselling author Peter David, Beginnings is an extraordinary and terrifying journey into Roland’s origins—ultimately serving as the perfect introduction for new readers to Stephen King’s modern literary classic The Dark Tower, while giving longtime fans thrilling adventures merely hinted at in his blockbuster novels. This boxed set includes the complete graphic novel series BEGINNINGS: THE GUNSLINGER BORN * THE LONG ROAD HOME * TREACHERY * THE FALL OF GILEAD * THE BATTLE OF JERICHO HILL",google_books,http://books.google.nl/books?id=J2iVuAEACAAJ&dq=intitle:Beginnings+-+The+Gunslinger+Born+inauthor:Robin+Furth&hl=&source=gbs_api
4761,The Gunslinger - Last Shots,"A BOLD NEW CHAPTER IN STEPHEN KING'S THE DARK TOWER SAGA! Twelve years have passed since the fateful Battle of Jericho Hill and the fall of the gunslingers. Since the Affiliation's resistance against John Farson became little more than a faint memory. Since the friends that stood by young Roland Deschain burned to ash in the Good Man's razing of Gilead. But Roland survived...and now he stalks the desert, hunting the spectral Man in Black in his quest for the Dark Tower. Join Robin Furth, Peter David and Richard Isanove as they welcome superstar artist Sean Phillips (INCOGNITO) into the ka-tet of creators entrusted by Stephen King himself to bring the adult adventures of his most personal creation to life! COLLECTING: Dark Tower: The Gunslinger #1-5",google_books,http://books.google.nl/books?id=Tsz8zAEACAAJ&dq=intitle:The+Gunslinger+-+Last+Shots+inauthor:Robin+Furth&hl=&source=gbs_api
4765,The Gunslinger - The Journey Begins,"A BOLD NEW CHAPTER IN STEPHEN KING'S THE DARK TOWER SAGA! Twelve years have passed since the fateful Battle of Jericho Hill and the fall of the gunslingers. Since the Affiliation's resistance against John Farson became little more than a faint memory. Since the friends that stood by young Roland Deschain burned to ash in the Good Man's razing of Gilead. But Roland survived...and now he stalks the desert, hunting the spectral Man in Black in his quest for the Dark Tower. Join Robin Furth, Peter David and Richard Isanove as they welcome superstar artist Sean Phillips (INCOGNITO) into the ka-tet of creators entrusted by Stephen King himself to bring the adult adventures of his most personal creation to life! COLLECTING: Dark Tower: The Gunslinger #1-5",google_books,http://books.google.nl/books?id=Tsz8zAEACAAJ&dq=intitle:The+Gunslinger+-+The+Journey+Begins+inauthor:Robin+Furth&hl=&source=gbs_api
4767,The Gunslinger - The Man in Black,"A BOLD NEW CHAPTER IN STEPHEN KING'S THE DARK TOWER SAGA! Twelve years have passed since the fateful Battle of Jericho Hill and the fall of the gunslingers. Since the Affiliation's resistance against John Farson became little more than a faint memory. Since the friends that stood by young Roland Deschain burned to ash in the Good Man's razing of Gilead. But Roland survived...and now he stalks the desert, hunting the spectral Man in Black in his quest for the Dark Tower. Join Robin Furth, Peter David and Richard Isanove as they welcome superstar artist Sean Phillips (INCOGNITO) into the ka-tet of creators entrusted by Stephen King himself to bring the adult adventures of his most personal creation to life! COLLECTING: Dark Tower: The Gunslinger #1-5",google_books,http://books.google.nl/books?id=Tsz8zAEACAAJ&dq=intitle:The+Gunslinger+-+The+Man+in+Black+inauthor:Robin+Furth&hl=&source=gbs_api
5480,Challenger Deep,"A captivating novel about mental illness that lingers long beyond the last page, Challenger Deep is a heartfelt tour de force by New York Times bestselling author Neal Shusterman.

Caden Bosch is on a ship that's headed for the deepest point on Earth: Challenger Deep, the southern part of the Marianas Trench.
Caden Bosch is a brilliant high school student whose friends are starting to notice his odd behavior.
Caden Bosch is designated the ship's artist in residence to document the journey with images.
Caden Bosch pretends to join the school track team but spends his days walking for miles, absorbed by the thoughts in his head.
Caden Bosch is split between his allegiance to the captain and the allure of mutiny.
Caden Bosch is torn.

Challenger Deep is a deeply powerful and personal novel from one of today's most admired writers for teens. Laurie Halse Anderson, award-winning author of Speak, calls Challenger Deep ""a brilliant journey across the dark sea of the mind; frightening, sensitive, and powerful. Simply extraordinary.""",openlibrary,https://openlibrary.org/works/OL17728819W
5525,El abismo,"A captivating novel about mental illness that lingers long beyond the last page, Challenger Deep is a heartfelt tour de force by New York Times bestselling author Neal Shusterman.

Caden Bosch is on a ship that's headed for the deepest point on Earth: Challenger Deep, the southern part of the Marianas Trench.
Caden Bosch is a brilliant high school student whose friends are starting to notice his odd behavior.
Caden Bosch is designated the ship's artist in residence to document the journey with images.
Caden Bosch pretends to join the school track team but spends his days walking for miles, absorbed by the thoughts in his head.
Caden Bosch is split between his allegiance to the captain and the allure of mutiny.
Caden Bosch is torn.

Challenger Deep is a deeply powerful and personal novel from one of today's most admired writers for teens. Laurie Halse Anderson, award-winning author of Speak, calls Challenger Deep ""a brilliant journey across the dark sea of the mind; frightening, sensitive, and powerful. Simply extraordinary.""",openlibrary,https://openlibrary.org/works/OL17728819W
6381,Thoughts of a Corpse,"**Leaves of Grass** is a poetry collection by American poet Walt Whitman. First published in 1855, Whitman spent most of his professional life writing and rewriting *Leaves of Grass*, revising it multiple times until his death. There have been held to be either six or nine individual editions of Leaves of Grass, the count varying depending on how they are distinguished.[2] This resulted in vastly different editions over four decades—the first edition being a small book of twelve poems, and the last, a compilation of over 400. 

(Source: [Wikipedia](https://en.wikipedia.org/wiki/Leaves_of_Grass))",openlibrary,https://openlibrary.org/works/OL16333W
7298,My Bed is not for Sleeping,"**Leaves of Grass** is a poetry collection by American poet Walt Whitman. First published in 1855, Whitman spent most of his professional life writing and rewriting *Leaves of Grass*, revising it multiple times until his death. There have been held to be either six or nine individual editions of Leaves of Grass, the count varying depending on how they are distinguished.[2] This resulted in vastly different editions over four decades—the first edition being a small book of twelve poems, and the last, a compilation of over 400. 

(Source: [Wikipedia](https://en.wikipedia.org/wiki/Leaves_of_Grass))",openlibrary,https://openlibrary.org/works/OL16333W
6553,Giordano Bruno — All works,"This work has been selected by scholars as being culturally important, and is part of the knowledge base of civilization as we know it. This work was reproduced from the original artifact, and remains as true to the original work as possible. Therefore, you will see the original copyright references, library stamps (as most of these works have been housed in our most important libraries around the world), and other notations in the work. This work is in the public domain in the United States of America, and possibly other nations. Within the United States, you may freely copy and distribute this work, as no entity (individual or corporate) has a copyright on the body of the work. As a reproduction of a historical artifact, this work may contain missing or blurred pages, poor pictures, errant marks, etc. Scholars believe, and we concur, that this work is important enough to be preserved, reproduced, and made generally available to the public. We appreciate your support of the preservation process, and thank you for being an important part of keeping this knowledge alive and relevant.",google_books,http://books.google.nl/books?id=ZNkIwwEACAAJ&dq=intitle:All+works+inauthor:Giordano+Bruno&hl=&source=gbs_api
14610,Du vieux vin dans des bouteilles neuves,"This work has been selected by scholars as being culturally important, and is part of the knowledge base of civilization as we know it. This work was reproduced from the original artifact, and remains as true to the original work as possible. Therefore, you will see the original copyright references, library stamps (as most of these works have been housed in our most important libraries around the world), and other notations in the work. This work is in the public domain in the United States of America, and possibly other nations. Within the United States, you may freely copy and distribute this work, as no entity (individual or corporate) has a copyright on the body of the work. As a reproduction of a historical artifact, this work may contain missing or blurred pages, poor pictures, errant marks, etc. Scholars believe, and we concur, that this work is important enough to be preserved, reproduced, and made generally available to the public. We appreciate your support of the preservation process, and thank you for being an important part of keeping this knowledge alive and relevant.",google_books,http://books.google.nl/books?id=gJSNwgEACAAJ&dq=intitle:Du+vieux+vin+dans+des+bouteilles+neuves+inauthor:Fr%C3%A9d%C3%A9ric+Davidson&hl=&source=gbs_api
14791,Siona à Paris,"This work has been selected by scholars as being culturally important, and is part of the knowledge base of civilization as we know it. This work was reproduced from the original artifact, and remains as true to the original work as possible. Therefore, you will see the original copyright references, library stamps (as most of these works have been housed in our most important libraries around the world), and other notations in the work. This work is in the public domain in the United States of America, and possibly other nations. Within the United States, you may freely copy and distribute this work, as no entity (individual or corporate) has a copyright on the body of the work. As a reproduction of a historical artifact, this work may contain missing or blurred pages, poor pictures, errant marks, etc. Scholars believe, and we concur, that this work is important enough to be preserved, reproduced, and made generally available to the public. We appreciate your support of the preservation process, and thank you for being an important part of keeping this knowledge alive and relevant.",google_books,http://books.google.nl/books?id=i7NkwwEACAAJ&dq=intitle:Siona+%C3%A0+Paris+inauthor:Myriam+Harry&hl=&source=gbs_api
14913,Dialogues de guerre.,"This work has been selected by scholars as being culturally important, and is part of the knowledge base of civilization as we know it. This work was reproduced from the original artifact, and remains as true to the original work as possible. Therefore, you will see the original copyright references, library stamps (as most of these works have been housed in our most important libraries around the world), and other notations in the work. This work is in the public domain in the United States of America, and possibly other nations. Within the United States, you may freely copy and distribute this work, as no entity (individual or corporate) has a copyright on the body of the work. As a reproduction of a historical artifact, this work may contain missing or blurred pages, poor pictures, errant marks, etc. Scholars believe, and we concur, that this work is important enough to be preserved, reproduced, and made generally available to the public. We appreciate your support of the preservation process, and thank you for being an important part of keeping this knowledge alive and relevant.",google_books,http://books.google.nl/books?id=IoxruwEACAAJ&dq=intitle:Dialogues+de+guerre.+inauthor:Henri+Lavedan&hl=&source=gbs_api
14948,Le pangermanisme,"This work has been selected by scholars as being culturally important, and is part of the knowledge base of civilization as we know it. This work was reproduced from the original artifact, and remains as true to the original work as possible. Therefore, you will see the original copyright references, library stamps (as most of these works have been housed in our most important libraries around the world), and other notations in the work. This work is in the public domain in the United States of America, and possibly other nations. Within the United States, you may freely copy and distribute this work, as no entity (individual or corporate) has a copyright on the body of the work. As a reproduction of a historical artifact, this work may contain missing or blurred pages, poor pictures, errant marks, etc. Scholars believe, and we concur, that this work is important enough to be preserved, reproduced, and made generally available to the public. We appreciate your support of the preservation process, and thank you for being an important part of keeping this knowledge alive and relevant.",google_books,http://books.google.nl/books?id=3V9owwEACAAJ&dq=intitle:Le+pangermanisme+inauthor:Hippolyte+Loiseau&hl=&source=gbs_api
15029,L’évolution belliqueuse de Guillaume II,"This work has been selected by scholars as being culturally important, and is part of the knowledge base of civilization as we know it. This work was reproduced from the original artifact, and remains as true to the original work as possible. Therefore, you will see the original copyright references, library stamps (as most of these works have been housed in our most important libraries around the world), and other notations in the work. This work is in the public domain in the United States of America, and possibly other nations. Within the United States, you may freely copy and distribute this work, as no entity (individual or corporate) has a copyright on the body of the work. As a reproduction of a historical artifact, this work may contain missing or blurred pages, poor pictures, errant marks, etc. Scholars believe, and we concur, that this work is important enough to be preserved, reproduced, and made generally available to the public. We appreciate your support of the preservation process, and thank you for being an important part of keeping this knowledge alive and relevant.",google_books,http://books.google.nl/books?id=YU2OxAEACAAJ&dq=intitle:L%E2%80%99%C3%A9volution+belliqueuse+de+Guillaume+II+inauthor:Maurice+Muret&hl=&source=gbs_api
16441,Korean Tales,"This work has been selected by scholars as being culturally important, and is part of the knowledge base of civilization as we know it. This work was reproduced from the original artifact, and remains as true to the original work as possible. Therefore, you will see the original copyright references, library stamps (as most of these works have been housed in our most important libraries around the world), and other notations in the work. This work is in the public domain in the United States of America, and possibly other nations. Within the United States, you may freely copy and distribute this work, as no entity (individual or corporate) has a copyright on the body of the work. As a reproduction of a historical artifact, this work may contain missing or blurred pages, poor pictures, errant marks, etc. Scholars believe, and we concur, that this work is important enough to be preserved, reproduced, and made generally available to the public. We appreciate your support of the preservation process, and thank you for being an important part of keeping this knowledge alive and relevant.",google_books,http://books.google.nl/books?id=YEo_swEACAAJ&dq=intitle:Korean+Tales+inauthor:Melvin+B.+Voorhees&hl=&source=gbs_api
6699,Remarks on Several Parts of Italy (1705; revised 1718),"This work has been selected by scholars as being culturally important and is part of the knowledge base of civilization as we know it. This work is in the public domain in the United States of America, and possibly other nations. Within the United States, you may freely copy and distribute this work, as no entity (individual or corporate) has a copyright on the body of the work. Scholars believe, and we concur, that this work is important enough to be preserved, reproduced, and made generally available to the public. To ensure a quality reading experience, this work has been proofread and republished using a format that seamlessly blends the original graphical elements with text in an easy-to-read typeface. We appreciate your support of the preservation process, and thank you for being an important part of keeping this knowledge alive and relevant.",google_books,http://books.google.nl/books?id=HkYwvQEACAAJ&dq=intitle:Remarks+on+Several+Parts+of+Italy+inauthor:Joseph+Addison&hl=&source=gbs_api
10763,The General Masses,"This work has been selected by scholars as being culturally important and is part of the knowledge base of civilization as we know it. This work is in the public domain in the United States of America, and possibly other nations. Within the United States, you may freely copy and distribute this work, as no entity (individual or corporate) has a copyright on the body of the work. Scholars believe, and we concur, that this work is important enough to be preserved, reproduced, and made generally available to the public. To ensure a quality reading experience, this work has been proofread and republished using a format that seamlessly blends the original graphical elements with text in an easy-to-read typeface. We appreciate your support of the preservation process, and thank you for being an important part of keeping this knowledge alive and relevant.",google_books,http://books.google.nl/books?id=AD27vQEACAAJ&dq=intitle:The+General+Masses+inauthor:Anonymous&hl=&source=gbs_api
6781,Bao wei Xianggang guan hua,"Tells the story of 108 legendary heroes at the end of the Song Dynasty, who fought for justice for the poor.",openlibrary,https://openlibrary.org/works/OL7910140W
6915,Si shui de yi lun : fan song Zhong yun dong she ying ji,"Tells the story of 108 legendary heroes at the end of the Song Dynasty, who fought for justice for the poor.",openlibrary,https://openlibrary.org/works/OL7910140W
6787,"Sheng yu luan shi, you zhong ze ren","The Art of War is an ancient Chinese military treatise dating from the Late Spring and Autumn Period. The work, which is attributed to the ancient Chinese military strategist Sun Tzu",openlibrary,https://openlibrary.org/works/OL244537W
6789,"Xin, Taiwan de zhu zhang","The Art of War is an ancient Chinese military treatise dating from the Late Spring and Autumn Period. The work, which is attributed to the ancient Chinese military strategist Sun Tzu",openlibrary,https://openlibrary.org/works/OL244537W
6845,Xianggang zheng zhi can yu xin xing tai,"""Within ancient Chinese, a sole character possesses a broad, and sometimes contradictory, range of meanings. Moreover, the Tao Te Ching is rife with terms and expressions that have no exact counterpart in English. So while the Tao Te Ching ranks behind only the Bible as the most widely translated book in the world, it remains one of the least understood."".

""Jonathan Star's Tao Te Ching: The Definitive Edition helps remedy this situation. The distinction of this new edition is that it supplies readers with the first comprehensive verbatim translation, which can be used to explore the multiple meanings contained in the Chinese characters. This unique tool gives readers direct access to the text and a way to understand the different interpretations put forth by modern-day translators.

Perhaps most important, the verbatim translation gives each reader the ability to penetrate the inner meaning of the text and come up with his or her own personal interpretation.""--BOOK JACKET.",openlibrary,https://openlibrary.org/works/OL45499W
7005,Xianggang zen me le?,"""Within ancient Chinese, a sole character possesses a broad, and sometimes contradictory, range of meanings. Moreover, the Tao Te Ching is rife with terms and expressions that have no exact counterpart in English. So while the Tao Te Ching ranks behind only the Bible as the most widely translated book in the world, it remains one of the least understood."".

""Jonathan Star's Tao Te Ching: The Definitive Edition helps remedy this situation. The distinction of this new edition is that it supplies readers with the first comprehensive verbatim translation, which can be used to explore the multiple meanings contained in the Chinese characters. This unique tool gives readers direct access to the text and a way to understand the different interpretations put forth by modern-day translators.

Perhaps most important, the verbatim translation gives each reader the ability to penetrate the inner meaning of the text and come up with his or her own personal interpretation.""--BOOK JACKET.",openlibrary,https://openlibrary.org/works/OL45499W
7706,It Had To Be You,"Welcome to New York City's Upper East Side, where my friends and I live in luxe Fifth Avenue apartments and attend Manhattan's most exclusive private schools. We're smart, we've inherited classic good looks, we wear fantastic clothes, and we know how to party. We can't help it-we were born this way. 

Our story begins with three inseparable, completely gorgeous fifteen-year-olds, Serena van der Woodsen, Blair Waldorf, and Nate Archibald. Blair's loved Nate and his glittering green eyes since she was in Bonpoint onesies. Too bad Nate wishes Blair's beautiful best friend, Serena, was the one with the crush. And Serena has a secret she's keeping from them both. Hmmm, something tells me these best friends may not be as close as we thought. . . . 

How do I know all this? Because I know everything-and lucky for you, I can't keep a secret. So sit back while I untangle this messy little tale and tell you how it all began. 

Admit it, you're already falling for me. 
You know you love me. 
gossip girl",openlibrary,https://openlibrary.org/works/OL5712529W
9978,The It Girl,"Welcome to New York City's Upper East Side, where my friends and I live in luxe Fifth Avenue apartments and attend Manhattan's most exclusive private schools. We're smart, we've inherited classic good looks, we wear fantastic clothes, and we know how to party. We can't help it-we were born this way. 

Our story begins with three inseparable, completely gorgeous fifteen-year-olds, Serena van der Woodsen, Blair Waldorf, and Nate Archibald. Blair's loved Nate and his glittering green eyes since she was in Bonpoint onesies. Too bad Nate wishes Blair's beautiful best friend, Serena, was the one with the crush. And Serena has a secret she's keeping from them both. Hmmm, something tells me these best friends may not be as close as we thought. . . . 

How do I know all this? Because I know everything-and lucky for you, I can't keep a secret. So sit back while I untangle this messy little tale and tell you how it all began. 

Admit it, you're already falling for me. 
You know you love me. 
gossip girl",openlibrary,https://openlibrary.org/works/OL5712529W
8217,Titans and Olympians: Greek and Roman Myth,Text and illustrations provide an introduction to the myths and legends of the Greeks and Romans.,google_books,http://books.google.nl/books?id=sWbWAAAAMAAJ&dq=intitle:Titans+and+Olympians:+Greek+and+Roman+Myth+inauthor:Tony+Allan&hl=&source=gbs_api
8218,Triumph of the hero: Greek and Roman Myth,Text and illustrations provide an introduction to the myths and legends of the Greeks and Romans.,google_books,http://books.google.nl/books?id=LTYNAQAAMAAJ&dq=intitle:Triumph+of+the+hero:+Greek+and+Roman+Myth+inauthor:Tony+Allan&hl=&source=gbs_api
8866,"Black Bird, Vol. 11","Black Bird is a shōjo manga by Kanoko Sakurakōji, serialized in the magazine Betsucomi from 2007 to 2013, and published in eighteen volumes. The story follows a high school girl with the ability to see supernatural beings. In 2009, it won the Shōgakukan Manga Award in the shōjo category and has been adapted into a drama CD.",llm_grounded_multi,https://fr.wikipedia.org/wiki/Black_Bird
8867,"Black Bird, Vol. 12","Black Bird is a shōjo manga by Kanoko Sakurakōji, serialized in the magazine Betsucomi from 2007 to 2013, and published in eighteen volumes. The story follows a high school girl with the ability to see supernatural beings. In 2009, it won the Shōgakukan Manga Award in the shōjo category and has been adapted into a drama CD.",llm_grounded_multi,https://fr.wikipedia.org/wiki/Black_Bird
8869,"Black Bird, Vol. 14","Black Bird is a shōjo manga by Kanoko Sakurakōji, serialized in the magazine Betsucomi from 2007 to 2013, and published in eighteen volumes. The story follows a high school girl with the ability to see supernatural beings. The manga received the Shōgakukan Manga Award in 2009 and has been adapted into a drama CD.",llm_grounded_multi,https://fr.wikipedia.org/wiki/Black_Bird
8872,"Black Bird, Vol. 17","Black Bird is a shōjo manga by Kanoko Sakurakōji, serialized in the magazine Betsucomi from 2007 to 2013, and published in eighteen volumes. The story follows a high school girl with the ability to see supernatural beings. The manga received the Shōgakukan Manga Award in 2009 and has been adapted into a drama CD.",llm_grounded_multi,https://fr.wikipedia.org/wiki/Black_Bird
10139,Hoop City: Los Angeles,"Welcome to inner city high school basketball, a competitive world of great athletes and dreams of NBA stardom. A world where talent and expectations mix with youth, money, girls, and the distractions of city life, to create an explosive cocktail. After all, the bright lights up ahead can be blinding, and the business of ballin' gets ugly and dirty in a hurry. Six high school hoops teams. Six American cities. Six bumpy roads to the promised land. Hoop City is a six book series from EPIC Press. Some titles may contain explicit content and/or language.",google_books,http://books.google.nl/books?id=mvhZrgEACAAJ&dq=intitle:Hoop+City:+Los+Angeles+inauthor:Sam+Moussavi&hl=&source=gbs_api
10147,Texas Fridays: San Antonio,"In Texas Fridays, six high school football teams are profiled from the perspective of a single player. Each young man struggles in his own way to avoid injuries, deal with personal relationships, and recruiting pressure--all while stepping into the role of the star player. The pomp and pageantry of Texas high school football takes center stage, as six high school athletes from completely different backgrounds chase down their dreams under the Friday night lights.",google_books,http://books.google.nl/books?id=n0pYvgAACAAJ&dq=intitle:Texas+Fridays:+San+Antonio+inauthor:Sam+Moussavi&hl=&source=gbs_api
14420,L’Allemagne attaquera le…,"Cet ouvrage est une réédition numérique d’un livre paru au XXe siècle, désormais indisponible dans son format d’origine.",google_books,https://play.google.com/store/books/details?id=G-b5DwAAQBAJ&source=gbs_api
14545,Nations et droit,"Cet ouvrage est une réédition numérique d’un livre paru au XXe siècle, désormais indisponible dans son format d’origine.",google_books,https://play.google.com/store/books/details?id=URIOEAAAQBAJ&source=gbs_api
14657,Positions françaises. Chronique de l’année 1939,"Cet ouvrage est une réédition numérique d’un livre paru au XXe siècle, désormais indisponible dans son format d’origine.",google_books,https://play.google.com/store/books/details?id=GoWhEAAAQBAJ&source=gbs_api
14704,La révolution est inutile,"Cet ouvrage est une réédition numérique d’un livre paru au XXe siècle, désormais indisponible dans son format d’origine.",google_books,https://play.google.com/store/books/details?id=G6kCEAAAQBAJ&source=gbs_api
14741,"Sicile, terre de douleur","Cet ouvrage est une réédition numérique d’un livre paru au XXe siècle, désormais indisponible dans son format d’origine.",google_books,https://play.google.com/store/books/details?id=6DTDDwAAQBAJ&source=gbs_api
14860,"Français, voici la guerre.","Cet ouvrage est une réédition numérique d’un livre paru au XXe siècle, désormais indisponible dans son format d’origine.",google_books,https://play.google.com/store/books/details?id=Wsq8DwAAQBAJ&source=gbs_api
14924,La Révolution organisée,"Cet ouvrage est une réédition numérique d’un livre paru au XXe siècle, désormais indisponible dans son format d’origine.",google_books,https://play.google.com/store/books/details?id=IkwAEQAAQBAJ&source=gbs_api
15010,"Dantzig, port de Pologne dans le passé et dans le présent.","Cet ouvrage est une réédition numérique d’un livre paru au XXe siècle, désormais indisponible dans son format d’origine.",google_books,https://play.google.com/store/books/details?id=6JTHDwAAQBAJ&source=gbs_api
15027,La littérature allemande,"Cet ouvrage est une réédition numérique d’un livre paru au XXe siècle, désormais indisponible dans son format d’origine.",google_books,https://play.google.com/store/books/details?id=4Y8AEQAAQBAJ&source=gbs_api
15037,La guerre des avant-postes.,"Cet ouvrage est une réédition numérique d’un livre paru au XXe siècle, désormais indisponible dans son format d’origine.",google_books,https://play.google.com/store/books/details?id=6-7vDwAAQBAJ&source=gbs_api
15111,Les crises allemandes,"Cet ouvrage est une réédition numérique d’un livre paru au XXe siècle, désormais indisponible dans son format d’origine.",google_books,https://play.google.com/store/books/details?id=zbp7DwAAQBAJ&source=gbs_api
14836,La maison Thüringer,"La mère d'Adrien le fait embaucher chez les frères Max et Bernard Thüringer, grands exportateurs de céréales, à Braïla. Cet épisode de sa vie aborde l'«impitoyable système de travail» en vigueur, et la naissance de syndicats à Braïla. Panaït Istrati (en roumain Panait Istrati), né à Brăila le 10 août 1884 et mort à Bucarest le 16 avril 1935, est un écrivain roumain de langue française, surnommé le « Gorki des Balkans ».",google_books,http://books.google.nl/books?id=F_GyEAAAQBAJ&dq=intitle:La+maison+Th%C3%BCringer+inauthor:Pana%C3%AFt+Istrati&hl=&source=gbs_api
14838,La vie d’Adrien Zograffi.,"La mère d'Adrien le fait embaucher chez les frères Max et Bernard Thüringer, grands exportateurs de céréales, à Braïla. Cet épisode de sa vie aborde l'«impitoyable système de travail» en vigueur, et la naissance de syndicats à Braïla. Panaït Istrati (en roumain Panait Istrati), né à Brăila le 10 août 1884 et mort à Bucarest le 16 avril 1935, est un écrivain roumain de langue française, surnommé le « Gorki des Balkans ».",google_books,http://books.google.nl/books?id=F_GyEAAAQBAJ&dq=intitle:La+vie+d%E2%80%99Adrien+Zograffi.+inauthor:Pana%C3%AFt+Istrati&hl=&source=gbs_api
18245,Rubens: Garden of Love,"Books invites the reader on a journey through the most famous paintings in the history of art. Detailed, informative, and stimulating portraits of the individual artist are documented alongside beautiful glossy illustrations and detailed keys to the paintings.",openlibrary,https://openlibrary.org/works/OL19924827W
18724,Toulouse-Lautrec: At the Moulin Rouge,"Books invites the reader on a journey through the most famous paintings in the history of art. Detailed, informative, and stimulating portraits of the individual artist are documented alongside beautiful glossy illustrations and detailed keys to the paintings.",openlibrary,https://openlibrary.org/works/OL19924828W
